f_pois,s_pois,reg_score,priority,office_id,score
754|35|4674|4683|4538|4610|4423|4395|5016|5017|5018|5036|4558|4540|4559|4676|4682|4539|4560|4519|4518|4635|7220|8265|7390|8345|11471,754|35|4674|4683|4538|4610|5016|5017|5018|5036|4540|4559|4682|4539|4560|4518|7220|8265|7390,"type                                                        foot
office_id                                                    329
geometry       POLYGON ((425524.4243862388 6181161.370290871,...
id_left                                                      656
priority                                                    None
index_right                                                17451
id_right                                                   17458
reg_id                                                 Восточный
score                                                    15850.9
Name: 328, dtype: object",1,328,17333.897082714189
